STT,T? V?NG,PINYIN,NGH?A,Status,LastSent,,,,,,,,,,,,,,,,
1,?,y?,s? 1,Sent,,,,,,,,,,,,,,,,,
2,?,w?,s? 5,Sent,,,,,,,,,,,,,,,,,
3,?,b?,s? 8,Sent,,,,,,,,,,,,,,,,,
4,?,dà,"to, l?n",Sent,,,,,,,,,,,,,,,,,
5,?,xi?o,nh?,Sent,,,,,,,,,,,,,,,,,
6,?,k?u,mi?ng,Sent,,,,,,,,,,,,,,,,,
7,?,m?,con ng?a,Sent,,,,,,,,,,,,,,,,,
8,?,ma,...không?,Sent,,,,,,,,,,,,,,,,,
9,?,bù,không,Sent,,,,,,,,,,,,,,,,,
10,?,n?,"con gái, ph? n?",Sent,,,,,,,,,,,,,,,,,
11,?,bái,"tr?ng, màu tr?ng",Sent,,,,,,,,,,,,,,,,,
12,?,n?,"b?n, mày, c?u",Sent,,,,,,,,,,,,,,,,,
13,?,h?o,"t?t, ??p, hay, ngon",Sent,,,,,,,,,,,,,,,,,
14,??,n? h?o,xin chào,Sent,,,,,,,,,,,,,,,,,
15,?,x?n,trái tim,Sent,,,,,,,,,,,,,,,,,
16,?,nín,"ngài, ông, bà",Sent,,,,,,,,,,,,,,,,,
17,??,nín h?o,chào 1 cách l?ch s?,Sent,,,,,,,,,,,,,,,,,
18,?,mén,"c?a, c?ng",Sent,,,,,,,,,,,,,,,,,
19,?,men,thêm vào phía sau các ??i t? th? hi?n s? nhi?u,Sent,,,,,,,,,,,,,,,,,
20,??,n? men,các b?n,Sent,,,,,,,,,,,,,,,,,
21,???,n? men h?o,chào các b?n,Sent,,,,,,,,,,,,,,,,,
22,?,máng,b?n r?n,Sent,,,,,,,,,,,,,,,,,
23,?,h?n,r?t,Sent,,,,,,,,,,,,,,,,,
24,?,hèn,h?n,Sent,,,,,,,,,,,,,,,,,
25,??,Hàny?,Ti?ng Trung,Sent,,,,,,,,,,,,,,,,,
26,?,nán,khó,Sent,,,,,,,,,,,,,,,,,
27,?,tài,...quá / l?m!,Sent,,,,,,,,,,,,,,,,,
28,??,bàba,ba,Sent,10/5/2026,,,,,,,,,,,,,,,,
29,??,m?ma,m?,Sent,10/5/2026,,,,,,,,,,,,,,,,
30,??,g?ge,anh trai,New,,,,,,,,,,,,,,,,,
31,??,mèimei,em gái,New,,,,,,,,,,,,,,,,,
32,??,dìdi,em trai,New,,,,,,,,,,,,,,,,,
33,??,ji?jie,ch? gái,New,,,,,,,,,,,,,,,,,
34,?,y?,c?ng,New,,,,,,,,,,,,,,,,,
35,?,t?,"anh ?y, chú ?y, b?n ?y",New,,,,,,,,,,,,,,,,,
36,?,t?,"ch? ?y, cô ?y",New,,,,,,,,,,,,,,,,,
37,?,nán,"con trai, ?àn ông",New,,,,,,,,,,,,,,,,,
38,??,sh?nt?,"s?c kh?e, c? th?",New,,,,,,,,,,,,,,,,,
39,??,xièxie,c?m ?n,New,,,,,,,,,,,,,,,,,
40,???,bú kèqi,"không có gì, ??ng khách khí",New,,,,,,,,,,,,,,,,,
41,?,w?,"tôi, mình, tao, t?",New,,,,,,,,,,,,,,,,,
42,??,w?men,"chúng tôi, chúng ta ( có th? ho?c không bao g?m ng??i nghe )",New,,,,,,,,,,,,,,,,,
43,?,xué,h?c,New,,,,,,,,,,,,,,,,,
44,?,qù,?i ??n,New,,,,,,,,,,,,,,,,,
45,??,xuéxiào,tr??ng h?c,New,,,,,,,,,,,,,,,,,
46,??,xuésheng,h?c sinh,New,,,,,,,,,,,,,,,,,
47,??,l?osh?,"th?y, cô, gv",New,,,,,,,,,,,,,,,,,
48,??,sh?ngrì,sinh nh?t,New,,,,,,,,,,,,,,,,,
49,??,míngti?n,ngày mai,New,,,,,,,,,,,,,,,,,
50,?,huí,v?,New,,,,,,,,,,,,,,,,,
